{"envmap": {"_type": "histogram", "values": [128, 128, 128, 320, 128, 320, 320, 448, 448, 640, 768, 64, 192, 256, 64, 192, 64, 128, 128, 64, 128, 0, 128, 64, 0, 128, 0, 128, 128, 192, 192, 128], "bins": [0.03701016306877136, 0.06710359454154968, 0.097197026014328, 0.12729045748710632, 0.15738388895988464, 0.18747732043266296, 0.21757075190544128, 0.2476641833782196, 0.2777576148509979, 0.30785104632377625, 0.33794447779655457, 0.3680379092693329, 0.3981313407421112, 0.4282247722148895, 0.45831820368766785, 0.48841163516044617, 0.5185050368309021, 0.5485984683036804, 0.5786918997764587, 0.6087853312492371, 0.6388787627220154, 0.6689721941947937, 0.699065625667572, 0.7291590571403503, 0.7592524886131287, 0.789345920085907, 0.8194393515586853, 0.8495327830314636, 0.8796262145042419, 0.9097196459770203, 0.9398130774497986, 0.9699065089225769, 0.9999999403953552]}, "_timestamp": 1679997901.3871489, "_runtime": 19.072070837020874, "_step": 0}